{"version":1,"hash":{"type":"Buffer","data":"dfLVgo0DbDimqbIU3vjyWOCwZK+55UbfUG0a8TWSGkCEQSPPWxWx9VLZWDMTKPCQj/7Wt/v/xSK9i1IEU3g+XrmWL2ZTuqDGzuYSU86t22SVk9DcspgbPrUQb7wwm/yb6SbbnXqKIDhwCyo1T1NQApj2o992PYcMmj0uUjREbDY="},"indexValueMap":{"/nI3aqCUtcpL6QhZ4Y20tpS3lUatprKb77CiDB10n/k=":{"valueMac":{"type":"Buffer","data":"6ZMCxWm/2tybz+c4hkFLLeqrYFksHqgF6gsze5bbJQg="}},"tk8XDKIZdI7yVx06LsJg4Y/lq1I7susGCbG6PiXgqXg=":{"valueMac":{"type":"Buffer","data":"RorBYXdtG+tbYSC4rSTZewYh7piy98cvCPfDVB6lipQ="}},"9PxFUn6Uw7347jO3ne8LF8NMqJRr2kOZ7/fwCA3Mi8Y=":{"valueMac":{"type":"Buffer","data":"q8oKPptDFpM6LCA8NZGmof86lND/hAogHB4T+oH1mSc="}},"h2j7dC3f/mQd8SEpi2KNZPs1jbybEcEE0udPt+kq/8M=":{"valueMac":{"type":"Buffer","data":"T4idHiuop89Zi6NbM2emK3D5nbROG1iBDJr6MihMezk="}},"t8pk5m5shlYFcZTgnVSRdjopWv6nFhRvrMaWG3fgAU8=":{"valueMac":{"type":"Buffer","data":"mhMVxOQtohGdfKcagTS2L5YGX5tFV14E0LZd1LpemK0="}},"u4Y9m1+DAkOb9pB0MDrhkugxbu83WWLdfeoCAvmvafw=":{"valueMac":{"type":"Buffer","data":"ScwsD02ASn0Ahv0onm6VEBTiO6cccIcJnU44DMRFQUE="}},"2az078y9MVCcclXR/KDxkBLOkT9zzevYuRnxoCM2EWw=":{"valueMac":{"type":"Buffer","data":"gM/vPBPqIb2dX80IMfWiggzWFOP1L5sAwbcsWlcNjGU="}},"cDNiojU48DI95U2k3JMBu/wnNmyjsgX9TEuo8Bf4jy8=":{"valueMac":{"type":"Buffer","data":"n++rMSYKaqQHyW+ixJ87L9V+ND9mQqUEczDR2/27wGs="}},"OV3Wo6X27NMFIsfsksTVyBLj+jWFnu/TYXvmUHT822U=":{"valueMac":{"type":"Buffer","data":"HAZmnP7UeN7+2R9fYkP708NdZnv8w782mhJKvyO2Qa4="}},"a3pIlQ8RYmThDAmeaN6qKj2kQ+esobf+HvFdETctoNc=":{"valueMac":{"type":"Buffer","data":"7PEWibRQ11LcPWiFH7aTrzm+A35fKAuS4vlRffK6O9U="}},"TvzjGIWthza05JRxDLNYhUaF+xCVwrgsk+ykzGFCq88=":{"valueMac":{"type":"Buffer","data":"T84Pq4UE8PAreo92CHDmeAVl6Xp8CHTktnfp+HxQaew="}},"OZanq7aVh24JvZ+UP5PcnoBfM0dZ/FzwrWdzZ791sD4=":{"valueMac":{"type":"Buffer","data":"6UKaTwHytB9Wk5LelkimqaEexdXqujynrbJJ1jqlWmA="}},"ijUSBnBW6iDhCJHC/trJB/XoKsXpv+9b8md4pxgG1dI=":{"valueMac":{"type":"Buffer","data":"gdhHPhfFn/5cjswgs27B+ZB3fOk9srLYFSucO+Nfwek="}},"msdSdCE42XuaKLMVD1kAvoNFX1Eh8+baJq4AVZObf5o=":{"valueMac":{"type":"Buffer","data":"ULT+odiBpl7pKh/Z4G0mX5QAaU5xZ9hLo0mBQnHaHDM="}},"Ywt3F8VNTqydzY+L/GqhZotPGSFVuGOvFxym7tSrujc=":{"valueMac":{"type":"Buffer","data":"jkNtNngdIOWHa5UAt60rLj6oW8llDYcFxuOVKTfy6o4="}},"8hMB/NtYmbHJYuFcuwHdkpDmvhBk1YnUwwZvW4gc/lU=":{"valueMac":{"type":"Buffer","data":"zJNQ2uQWsHVHYiMBB7ytz99FulswpbGcv7ZEP8dPR9I="}},"zuSNX9zxT8K3IvK0KqrzvyF87HsFMEOXhB+BIZMVeVI=":{"valueMac":{"type":"Buffer","data":"TLPtvVL07ir44U3Y7whH38h2tyW7pEqfxzTRM0w/vV0="}},"SrQoJ5tKdZObchHxQ1Tj9tmOJPw/TnyjhnwmWde9afg=":{"valueMac":{"type":"Buffer","data":"piQgp/Xw/7xO2/nIJ6niuSG9RSBelG3/qsjiLfGhsxY="}},"mZsxwhQJjO4ZnF7XW3RTVb1CU+Xfsgu0cIlWKGo3c8c=":{"valueMac":{"type":"Buffer","data":"91KN/PB3/GhHodcY+ANj/bbb38fB0kahNHyUvHRzx6I="}},"xMmFA5HCUX02HIBZQZqNDPkWnaVbFKYOqDr68zmeZBs=":{"valueMac":{"type":"Buffer","data":"NPkAYSY19Qvm8XEOqE8XxA5Y4q+RFZzsT+lKbqBmMcc="}},"u3q8qZJsOq2hMZayp9Ck4gY+17RoV3pTwWwR1S3rhI4=":{"valueMac":{"type":"Buffer","data":"zWsvFY6OikqgapLFul6KPdxo4LX2cLRGQrgfso9Amo4="}},"ER+GIicNDEvKNyVBr6pjqXNG37Agf3KP8CgUAV4QFlM=":{"valueMac":{"type":"Buffer","data":"khcoetiYwyoDT9dm6a3EMRBLI89sbfEg0pcFwIoj5Zo="}},"Ktgq00ey7uMUQXkhETMcobeqxzozAn9Pd3U8obqcWiE=":{"valueMac":{"type":"Buffer","data":"rLgDLsNwVs04pE305p4Baag59QYYY2QMUoI/Sfr1o3E="}},"rqoVV9I0RhGjaLIIyqizltb5eDNwS0p3o+W990KRrOA=":{"valueMac":{"type":"Buffer","data":"/3uTsbgstmm8NFcFCHS8hUfXEMnUrTcb+xP8te9OKho="}},"lhjRz7fEqjbQifAQoqPHsinzOahVwbozM5mm3vC4+MA=":{"valueMac":{"type":"Buffer","data":"4pu3cZIULuRaUYzZOG3jwpa4VB2MY113wF8alopEsEk="}},"HW0VkwG9efyWmY4BjLWZFnQfV8On6XW0w5P9hdTcxI0=":{"valueMac":{"type":"Buffer","data":"AIECrvDNIdLhtVUtXY4LYYeWVj6wRHA9AXp7U6RUfuU="}},"nXRYmoqs7+v4Va7NY4kihMxbhN9IykpZtU+AZLffyFI=":{"valueMac":{"type":"Buffer","data":"m1C0xkAdzux/wp3UcTRPl3XD1OxCK8stBW2LftFEtMk="}},"MaAtHEm3UsE+sUYGV3cGsXPMXlzPOMqt80oLvgmxRHY=":{"valueMac":{"type":"Buffer","data":"AIa57fBlskTAwVuNo48o68pbtpicU3vhgkiz+GBgRi4="}},"FaWPkY3edvRCdZdiLfDbiOhN5zS4KOzzVBDaOIEVyHs=":{"valueMac":{"type":"Buffer","data":"lEiaNL2y9UvNkhfx1QVl1MOCrrRr/JIh5Za/xlpiikA="}},"22mEyGdKf3vf9qLXBbKGDHxfd703laqgv/kTVnXblaI=":{"valueMac":{"type":"Buffer","data":"JhtzBdOTQ7KclFOFUFj+laOmnqkUpgxes6ZmX4+pJkg="}},"oaT2EaU9LgS/m/XUtZUUbA4Qdiy+RPFaRRLtiLTZdf0=":{"valueMac":{"type":"Buffer","data":"Ymc2nq0AWmtv2ntCL6FJ1HDbc9M//7ufWb88L5SaM3I="}},"pzPUWh+eZIq7ySeWC2YfMZAO+4jOsdPK2SAFuKPo2Hc=":{"valueMac":{"type":"Buffer","data":"zq7zxt2coqnDfmjroRQ8qN1skS4l+U7LQJDsVvN1+IM="}},"z7F1VVFvWp+k3CaR00DXH5cyAmcbar/UXjmg2/HoKqk=":{"valueMac":{"type":"Buffer","data":"kFxwucTk3gUW5tI6y46TXIJ/Xfez0GslNLNBzgeIwz0="}},"IbJd6R9lUAtfbwpZ5XIeLZ6XwCWRJvQttqO3iJocOxk=":{"valueMac":{"type":"Buffer","data":"6H9tyjWRdi9XFvEimme7uGI+Z/g44q+nsBnjeMPnFsw="}},"NxPmUxwdo6OUP6v6xA20YaXOq/6+zPRg8XT8+nkMBQY=":{"valueMac":{"type":"Buffer","data":"aXILja9c9emV6YL0D7xXQdn+TV/9ATAIdw37Lhf4j4k="}},"s5mo+HZ8H1z/Ppc1n9DfKPmB1DPxyIm5MolbSMLS+J8=":{"valueMac":{"type":"Buffer","data":"EyiP3H6zCwA4Ftm4t5Hlm1NyfvNJlZ9aJwbJCRaa1gM="}},"vveeXQPSpKK4RYmE4qsw/blIq3LOwplwYV1mEV4iEsU=":{"valueMac":{"type":"Buffer","data":"0tZyXNlyA/wccIsS46doZGeJ2EZiyi76xH0ocgKl+Kc="}},"6RsJUzl30+wa39JXIlHz6cqswsH52dlxBYHhJxlRYXc=":{"valueMac":{"type":"Buffer","data":"Udt8j6AKr+OtOqv5JJm2H2gbY69JTrALVNDJoHjHhFo="}},"e9BwzOMwb1n+Jcx2gFtzbc1NtJnChi8GrRoi+6bwuDA=":{"valueMac":{"type":"Buffer","data":"tuBaYEKh59DtlBDIpQV95qzcXj/S1o1fjN/3ZsvtFKs="}},"AVQtyDWnPRvIBH/p96rPxZ5Xr7EARPO7MKK8Kzm8b5U=":{"valueMac":{"type":"Buffer","data":"WzGLyVeVguVANKxev5bU7C5A5fmbo2AoDz8V5Pz1SHw="}},"8iDIC4NVeONgPZ47hKlcwTD3Fhm1Wm810T/wrYWAyYk=":{"valueMac":{"type":"Buffer","data":"BKcZFoPR4Xxlz76Du6ZdB/JcsHqoCP0q+EEoeXPuKDA="}},"/y8tSHyWDJYEw2OGYSj8qZrZcjSUru/BU01FUW/cHpU=":{"valueMac":{"type":"Buffer","data":"FCliRq0kiyOSTl8QaMUreWntQe71pFizHhAXQ6UDwHw="}},"INHBOr6wPv83uKkgfYavQYy1B+iluxHfEWrR1f8sNkc=":{"valueMac":{"type":"Buffer","data":"J+K5+2JIWK3nV+U/FBkxqTJv4EYdRKOYcXDaolVX7VY="}},"WbuUagPRRNkaLccmWPT7RWlUUFffV7LPgrNElzcH5WQ=":{"valueMac":{"type":"Buffer","data":"gAtMLtyQAq4sHfMHGjEMucFKEVBLfQyLt42Y5lfM0Dw="}},"PwQDeOrOTuqkW2cUXPZwIff1P/vq15IouZmHzFJF1sU=":{"valueMac":{"type":"Buffer","data":"imxtq0gW1mIH+8LIouDnpjKshXV577HtnDQE9o8APKc="}},"exYlrf8ZxsTkNkorRnJFdTF9VU0xROAPMxp6Jenla5c=":{"valueMac":{"type":"Buffer","data":"I6pc/ye5sb1ezloljWsNT6d7ku5CTiUwUBd+PjkUp6o="}},"Ark6ZbzXMsmATo6C//lJJI/Lra13C4Z3EscLrPw4LoA=":{"valueMac":{"type":"Buffer","data":"ty6K+4dl4v397zfMJHgqpoNG/5A0NjEry8KOHa6kxto="}},"6PfR7SGgqVGoe967UD3T6oUPAGSYThlQavzUJL5qrKY=":{"valueMac":{"type":"Buffer","data":"Hq7k3HWw+/dy9yvdt789elfeSSGkMoVl0/PSoLWZDJE="}},"WZQQVRrQMO30UBp9XJlURmdmIC0TeZausmMHpEABIZE=":{"valueMac":{"type":"Buffer","data":"fMEwWzKuJC41kUSV7rgBaJamzfIGr4ol5Z/2nVDvDZg="}},"itcNvFZOwGQzoNdKP1q0Hy0+NE9gVCFsvw+2BlaeVk8=":{"valueMac":{"type":"Buffer","data":"++ijWimku/jWnagCLy0vo5Q6RxulpHCG73RPTUGg30E="}},"oGMxZ1uzSCEQERxcs+gZwuY+MJXD+sCkKT6wZ9yK76c=":{"valueMac":{"type":"Buffer","data":"SoCi68cD55yyXaaJLD2Yuz4mhSsxMrKJqySEmxBvUWk="}},"SNPJjzunLmCjjbH3XlFEmhJKy1sx8Javl60KNAnbmM4=":{"valueMac":{"type":"Buffer","data":"3DZTNOc4MlIu3C8jhsmVfsoHoBobci5jTlN08x+BZeI="}},"3OR2otwwjxFQuXktL/BIzqQ9qnyL+g42rHYusG3WUhU=":{"valueMac":{"type":"Buffer","data":"BNk1HOIDOYHm0aTN2i7xNUl6YkzODzWbTGpzH5awR8k="}},"9KNUgR70M/GPwkahlEZXOiRjUGPajNEEeASbcRTNA9s=":{"valueMac":{"type":"Buffer","data":"mBGlO6sAl1/PttwwSd0zTWg3nnXgIemrKVRD5aklXWc="}},"sYNz5RD92R+cCd4BQKlveIuP8uMMEJsYrols72fdy9M=":{"valueMac":{"type":"Buffer","data":"+zaPZsn129HRsUJysiUkrY620m4AyQFsh4k5pzZ/U9Y="}},"EQ2f7VtzpvsbKyCwErCiOXSPmrvrsEWMBPaPPMvuPEk=":{"valueMac":{"type":"Buffer","data":"kMjVaFOjV5iKFcgXfmFmHFI96dTB4HC+w4RtzGhhykg="}},"7ANHrPK7jxVRVFF9nCDPQVVRGI0FLxJTiJzvssgJ78E=":{"valueMac":{"type":"Buffer","data":"01hVW4aI9uiwwgWcSHzZ/eHpwSqHlJWd/zn7iHavnOM="}},"Ghp62uHJD7dhm12kiC/ZKyiGswYb0UzakA0qCRuQf0M=":{"valueMac":{"type":"Buffer","data":"H8NklRvCKEDkxmdbC4DVkXnVDj3hQBeun7SZipMmumE="}},"1L9S5s+OOJv0ZAECg/RJsBmxBMpwixXcpH/DJVxRvAE=":{"valueMac":{"type":"Buffer","data":"7QDF1zwzc1ggRSmi5/Hs+vhb8oa2zI2if9SpQnAhpyY="}},"CyApJ8dQflerfMtRpAsVKw4DrzQgQb8CV0yxTtn4L1Q=":{"valueMac":{"type":"Buffer","data":"9MN6vSTzSoOhHsMBlL1CnzSWUr+6eeCHkat5zk76gAU="}},"+c14GtNqpsXldaHzZD2Y7RiYclrGeKnWMXKyP1HMf0Y=":{"valueMac":{"type":"Buffer","data":"m7vhBCJE94okvIR43MFosE+s++w+sMD+gQH1YxF7Qok="}},"xmEFbx0RggFm1YguEKwPZeXhynjXb04EibZomgQi0O8=":{"valueMac":{"type":"Buffer","data":"fxjsz2ZiGXEC9Yxuw/f/DIeWjZ4FEalmExNHEAHLak8="}},"RXG+mg7aO47qxlkjt5KV5icksTup5zFPcnKVXqC2RB0=":{"valueMac":{"type":"Buffer","data":"y4KhZQG41m8o/wjqLtV2/Hicr7uvqhuU+icCZiqKbKY="}},"UMgv6TZFt7VF/+dr0amsA631CNdgmTdS9eYhkg6lkNo=":{"valueMac":{"type":"Buffer","data":"Zj1dccCV5LkNZzWyPP3sDXgvjjmTopNSWdVM0J7p5VA="}},"23YdJtoWCCMZdxebNCsMvH91nLaoe0oPpqyt2zmEZZA=":{"valueMac":{"type":"Buffer","data":"h5DCvgKncdLwbkAuas8Py0FJuoOM8vX+bjfxLJ2DC0A="}},"TIw564xf08E1BWK/mzGwfGUYEjS+4yf6B6f8YIXu2UI=":{"valueMac":{"type":"Buffer","data":"4aLRYfbkuNtnIaQiFQUOySBhaPlDfaAtFoG7HCYxQxU="}},"OqqfobmCnqURTCwboGH9vYl/I7wGWzbfJhGV4HXM+UY=":{"valueMac":{"type":"Buffer","data":"EO2zMhBoDS7JSyEHafm7aSekcY+P+6A9Ee08RvYxmEM="}},"SQVkCWPxkHjOVPpAL2htMuq0gXEJbKDR+S4szXTQRF8=":{"valueMac":{"type":"Buffer","data":"qtCwGA5LGwqSEZBONvAVQaLttB+Qpyxy39fl+DpPXB8="}},"khHOTCclLUMaVTS56K3s66FulalAcvup7INmfMy788Y=":{"valueMac":{"type":"Buffer","data":"f3c0FCDUonlR7cheoTHANi/ghKgW+a5uhONQYB1WiPU="}},"eX3Ks5yGdQNgUmYySdx27ENb9toH2SB3AWmiumnZkdY=":{"valueMac":{"type":"Buffer","data":"oHg5I/jXhpgU+uwAqumsCXaj6SvHo2GJQLOQSlsoU0o="}},"IYluZ87L6+uFMyYZKJnim3xlSwd9nozigLo4CupxPXQ=":{"valueMac":{"type":"Buffer","data":"EUsJfXKMjUeJmpvx48KEPnrdvYyHj3hzYPcGuGLcXoc="}},"FSU7yKMCqeeHAM5kTpZ0DcDYANMBLn2KHgFRXw4JhKQ=":{"valueMac":{"type":"Buffer","data":"ECQUm19yF/6EqlGnAQeKTWp6pEvw9kR0tknCuAajOUE="}},"55ZtO4vZMM+WNTrNBgkt5oGB5zBcXSMzBTVno26PbUs=":{"valueMac":{"type":"Buffer","data":"rm4+vN3M4P1gDhT436hHbMFPIfa72VXcC9t/yCvZA0g="}},"RZXIMsGxsfLwMQv5CElQMeaHPHL0vHCk1iKenqVupZo=":{"valueMac":{"type":"Buffer","data":"KzFWjwXWkH1ZfbRiBakauwl0/f1aFaABel9ZyWhK+G8="}},"lH6FBZJBszAQKljZGX7BPD3ZJfARP8eMsTvng1fzw0A=":{"valueMac":{"type":"Buffer","data":"hnmB2f/D+1dBU5xaslOIfdeFJysE7q0Igt2epy+vgLg="}},"QX87zj9aWRyJnMKjfFMwCNbebwPL3fHriUJg/JeM90w=":{"valueMac":{"type":"Buffer","data":"8zPnjD1PrjSlgH8or1xpW1ovD1zHSkr+/aLcHdXTuIs="}},"h/yXg4x1F3G0ngpDYhfmASmQGsaiqkQrsNHJFZPCWbU=":{"valueMac":{"type":"Buffer","data":"MI4HVGYSfOxUvGA6VE5NZmRR/dynulE2izV0O3mUwrk="}},"nMGbMwGeOdcx7Q8YP5PJJXpnqruAzywl7HJQ89b2FsU=":{"valueMac":{"type":"Buffer","data":"fm4toyseCZ99D8LPkXg4RyBRIMdd1jIfdYsldfMvSbE="}},"nAELqri/T4gZr3uRVv/FwGhaBBHwJsGY2WX8P9VAdm8=":{"valueMac":{"type":"Buffer","data":"2m9+s5cg3ZqKvvlWDXpdUNvNhtYcwqNWhmuLvrf3ddY="}},"CsxhlxTC0ZIwZnIUXKnncYsVMoofEL73xRxc0H3qXvo=":{"valueMac":{"type":"Buffer","data":"rY14XuvJQUjK+Os71HOKDhfluHsCbXW0xxGplGaJzTM="}},"jUK5X0sXGS4GxhRptvj+JnyYl3AU2IjSskBPvaYDTLY=":{"valueMac":{"type":"Buffer","data":"+0amDjVC6+nrFHGGPiZYfPBmEgKQ+bqTR0Hvm6BWsO8="}},"Yiq+NVuwGk8iDVPqjOakATOnHn9FW0qucDgUbdks//Y=":{"valueMac":{"type":"Buffer","data":"PQeYi7DEnNJdIPPaSv4OGq1XoWROXxdbGgdJaqltIBA="}},"SUmGCGw5rAKx79Y7UkWmTZNmYxQpyo9drBWzpWGDw7I=":{"valueMac":{"type":"Buffer","data":"bHIgM9brss3RCpd/6KXzMImRIReavWKgref0igDstg8="}},"nusQ0h8RT4CHfSqZn0wQ2lkuwBWcb0BskVMAn8H5BoA=":{"valueMac":{"type":"Buffer","data":"ikIO0TsEgsX7cVcoVwVyJu9IBQOC+Z8GlTUW4amlf9o="}},"WKG+/x6dM40qbiBjaePpX1FGlMaDgsFQyHhhL036mMU=":{"valueMac":{"type":"Buffer","data":"LuzlYAPy1S2QAB22xluz6DRmustrMg3iWupnjRai5sI="}},"CP06vj+T8PFF0n+DbY1I0X5e3WQtIvbXYD8W/KhTUu8=":{"valueMac":{"type":"Buffer","data":"CE+608jXmhBpTnnVhFiLLCXTqF2U9KxuqYP9GYsP4A0="}},"/ZcJe3TV0i+3QFgzZuU4GoPB2xwsTK3tYM0T0/dHIa8=":{"valueMac":{"type":"Buffer","data":"umgOR3bor+dQFBW8lJT2gO4wqauQYMgJpHE0pCaePvQ="}},"QOuvVKJ2KacbsDr/KYgCyv8Zc9677ybS9omaVhyfz/8=":{"valueMac":{"type":"Buffer","data":"AhqUf2Rvp3y6xLvLgm6hZLuwvDTg8jXjYUG2vrQXw0I="}},"UHyLgoST1M+EgNrQhH9SEs4PaGgqArUvvozwDNUfmIs=":{"valueMac":{"type":"Buffer","data":"C32tk9wyn5UOKPgartK/ET7+ujvvfW7knXv/6FC0JGc="}},"CmWdmKsmjzoXq32dk8r64hsSwT7XqaTNKyl2eFdzk6E=":{"valueMac":{"type":"Buffer","data":"n3FJpw1dYGUCAIXtryIxYpLe1ric7f+W8JmNJF7R/p0="}},"QiIw7YNz1zf8KZ+Y6Pho/lxtL7SjI1Pz7G3Itvz2qmI=":{"valueMac":{"type":"Buffer","data":"/cORsFfvFJisSF08cqQKsbpRBGTiBflE9KGfQQ5BnmU="}},"7mDepeG7GLN/AoUp4/LwMvx9ibnquqeL9tucoRr4agU=":{"valueMac":{"type":"Buffer","data":"0D76NXDqcsqqGeRj01I/BGfSFF6lb8Qdn7tN52+z2/o="}},"l1tPDTUSYbhLY7pRdLE5j0wqmECEQCxLTkFV5/ckREY=":{"valueMac":{"type":"Buffer","data":"nmT2iA79zWou4GS4VhcL7CxSUHHqoYIwl5KgTiGrC3Q="}},"FfvlFFRxtQKsv7jXDQzEV078g6oUZNye7M3JdgDaDB8=":{"valueMac":{"type":"Buffer","data":"M4sqpTC+2M4RlCg7Qu3NvDnZ8ySi7Ne4AEI98/GKlWM="}},"2hiMPCkioTTv73lYll3BjoFJeuLZYnt7g+/NPMi15g4=":{"valueMac":{"type":"Buffer","data":"xBirrREs7sSmuSfPUto5nDYzGe0+CsoT0LG+8pcWlO4="}}}}