{"noiseKey":{"private":{"type":"Buffer","data":"8P2zfY4NZEjoHLMgbj58bWBJdJ7urQLrDit0t9y+2Wc="},"public":{"type":"Buffer","data":"l6EoDHnOvxlhQ37+8RiooZ55XW2kxYhEZZJbvS5mYUA="}},"pairingEphemeralKeyPair":{"private":{"type":"Buffer","data":"4ACAIWBp1qp69TB2wLyvK4pV471ISihx4RYcs1TQN0Q="},"public":{"type":"Buffer","data":"yUM6Scrm4utDBD8UDjZmDj4iP3QCayS7ui+N52l1cUo="}},"signedIdentityKey":{"private":{"type":"Buffer","data":"YDOwpzFGoZfmrMqcsj1pfPHuqj9pUM+DXGYMYbYt62M="},"public":{"type":"Buffer","data":"pBCc3Sk6PeKF6rUbL/JrHuouf/iuTZkZsWzlKIZzQGQ="}},"signedPreKey":{"keyPair":{"private":{"type":"Buffer","data":"8FUMPSl9AY1pixlAE3Z64Al+T5h7NqzpBEF2lMg7vVk="},"public":{"type":"Buffer","data":"b1HKeBxL7cwtpBbi/jzHSKWqcry1UI6Qp1l2q1VLYws="}},"signature":{"type":"Buffer","data":"lIo0ax7IhGBg36QllKtMXGhjftK5rXy0R0Bt4XKQ96LZA3Al+qlVP3kUZCR2QA4nsJZvkYr2AULZe5ESEvoQDQ=="},"keyId":1},"registrationId":150,"advSecretKey":"9M8yZGwFZpUB2nSPR4cmmEwjSHIqs3EXcwW3tuXKyME=","processedHistoryMessages":[{"key":{"remoteJid":"62881036456160@s.whatsapp.net","fromMe":true,"id":"86801CEDDAD918FCFC827D7675F814C0"},"messageTimestamp":1709808971},{"key":{"remoteJid":"62881036456160@s.whatsapp.net","fromMe":true,"id":"41F9A7466C0653A2792B07E926E7AE05"},"messageTimestamp":1709808973},{"key":{"remoteJid":"62881036456160@s.whatsapp.net","fromMe":true,"id":"0083EC885BD33E1028164A7D657681A8"},"messageTimestamp":1709808989}],"nextPreKeyId":31,"firstUnuploadedPreKeyId":31,"accountSyncCounter":1,"accountSettings":{"unarchiveChats":false},"deviceId":"A1A661xSSA2Ervcra4NcmA","phoneId":"9dbfab57-6141-4475-82e5-2bf0d1318b8a","identityId":{"type":"Buffer","data":"HJoXi9In7hMTH5ClIaOs/C2u1t0="},"registered":true,"backupToken":{"type":"Buffer","data":"+Zz6HS20A6dddR8GL47lzTw8pbY="},"registration":{},"pairingCode":"ELCLK8R7","me":{"id":"62881036456160:1@s.whatsapp.net","name":"anggap aja pacar sendiri"},"account":{"details":"CMrI47cDEMa6pq8GGAEgACgA","accountSignatureKey":"Is/bKrkzqkP0GgpqL0gPUVrP5ppMHf6d8xOBbImFsk8=","accountSignature":"HsDuQTQ4aMeCQSuCrwEIIBozx5+9kDICnO7pJYROr+v6gYRiMqTDDpLvM5uoAs1Pc4go9X2nezagBzxQnF6GAA==","deviceSignature":"K1iLH8Zn8K8kBBtIaGQl0NfHMmjkq3gvRMLqfjJsmEtmaLYtc6bwsquWPR46JgIOJ76r6c7WHIqG1APfCvDUDw=="},"signalIdentities":[{"identifier":{"name":"62881036456160:1@s.whatsapp.net","deviceId":0},"identifierKey":{"type":"Buffer","data":"BSLP2yq5M6pD9BoKai9ID1Faz+aaTB3+nfMTgWyJhbJP"}}],"platform":"android","lastAccountSyncTimestamp":1709808968,"myAppStateKeyId":"AAAAAEC5"}