{"_sessions":{"BaBnNhbfFIy1D9TjVjBhZLRPBwh8JOyCwZ8TTbIMozF8":{"registrationId":746936167,"currentRatchet":{"ephemeralKeyPair":{"pubKey":"BVM0nc695nXyxGvSCj7k50ZgRToaHL1A/bDhWxPay5YH","privKey":"UFcbCetHxDPLqZb/61ujZ3fs40TFBvb+kLE2uQYZn2o="},"lastRemoteEphemeralKey":"Ba9yteqjs8CstI/LlKteWLGdMJPwWOb6sQIXWzZLHjkT","previousCounter":0,"rootKey":"09ya5D7s4Dq9KO73DreyqoYP97+n6uplgcoiGROc/Kc="},"indexInfo":{"baseKey":"BaBnNhbfFIy1D9TjVjBhZLRPBwh8JOyCwZ8TTbIMozF8","baseKeyType":2,"closed":-1,"used":1709808990776,"created":1709808990776,"remoteIdentityKey":"BVdCuoy+k5OsD//gBA7wsMaEyQ+S2sSfVQxw92+ZKqF2"},"_chains":{"Ba9yteqjs8CstI/LlKteWLGdMJPwWOb6sQIXWzZLHjkT":{"chainKey":{"counter":0,"key":"2vRl3iwuLWC7r+rMS+BOiEU2IglNpUl3cKegdbumJVo="},"chainType":2,"messageKeys":{}},"BVM0nc695nXyxGvSCj7k50ZgRToaHL1A/bDhWxPay5YH":{"chainKey":{"counter":-1,"key":"i+kvXG/TZsXqjvnpIvIFgD04/4usaSk+ZCM7npG2rSA="},"chainType":1,"messageKeys":{}}}}},"version":"v1"}