{"_sessions":{"BZjlm5FcGVXM2Rd8vgbjMS0E1wv74iymoFXsHyci3F5Q":{"registrationId":558110095,"currentRatchet":{"ephemeralKeyPair":{"pubKey":"BQgDVIYFXi4pEM6/oj5I3E5u0M6ODL02U0QJJ8OtRSYI","privKey":"OIdiVn6dniO4HCE8xjv+NKDGxO08Z+LyJZEEpFoHCm8="},"lastRemoteEphemeralKey":"BXm8zSefW6z+sttPGbTpMO1QTrqGN5E/LJyQOeEMJ4sr","previousCounter":0,"rootKey":"bxHFJFPeJPjHmwZqA2q0CJ/Zq1tKCnMngtnPznA3Zjc="},"indexInfo":{"baseKey":"BZjlm5FcGVXM2Rd8vgbjMS0E1wv74iymoFXsHyci3F5Q","baseKeyType":2,"closed":-1,"used":1709809002056,"created":1709809002056,"remoteIdentityKey":"Be20RGB/7Xr1menoUfIt3mCmXaBer7mMRkKDEE0xO9ls"},"_chains":{"BXm8zSefW6z+sttPGbTpMO1QTrqGN5E/LJyQOeEMJ4sr":{"chainKey":{"counter":0,"key":"JGO+VTrMbgmPooMx8sF1QveVrM4Ea0Ndg7wgVA4EfiY="},"chainType":2,"messageKeys":{}},"BQgDVIYFXi4pEM6/oj5I3E5u0M6ODL02U0QJJ8OtRSYI":{"chainKey":{"counter":-1,"key":"RXRq16c2RSAxc5Uw2ZPxeKACc+aVHZTH8yn8/aGIvJo="},"chainType":1,"messageKeys":{}}}}},"version":"v1"}