{"_sessions":{"BcqGT787y3+SzfE2fkE9/TOwCG6jAHQo/r1h8TeExT1P":{"registrationId":1795288272,"currentRatchet":{"ephemeralKeyPair":{"pubKey":"BYlRp7UpBi9N20iKqJpCbznf9zcg6QwkYaq+ymYPjiwx","privKey":"eNftAQE/3HehUHSyNJyXvdH9illzeDBQetSvJT/E51I="},"lastRemoteEphemeralKey":"BY6jGe0b7PBStvcDIS1dIkN3EqMlOJAcEhUGTeZnF4AN","previousCounter":0,"rootKey":"8OpTHzO/egeOMjoAU9Vm3M/7YEAjTd1OEGZ6T2/6gXY="},"indexInfo":{"baseKey":"BcqGT787y3+SzfE2fkE9/TOwCG6jAHQo/r1h8TeExT1P","baseKeyType":2,"closed":-1,"used":1709808969210,"created":1709808969210,"remoteIdentityKey":"BSLP2yq5M6pD9BoKai9ID1Faz+aaTB3+nfMTgWyJhbJP"},"_chains":{"BY6jGe0b7PBStvcDIS1dIkN3EqMlOJAcEhUGTeZnF4AN":{"chainKey":{"counter":7,"key":"zHVyQF4N7oX+ss8XFbh+keBYZHSe+GHUtZE5d5McOQc="},"chainType":2,"messageKeys":{}},"BYlRp7UpBi9N20iKqJpCbznf9zcg6QwkYaq+ymYPjiwx":{"chainKey":{"counter":-1,"key":"DYYn1n7BbDlzO2TwVXG6U6uB32clTezcHT33ieeKVsA="},"chainType":1,"messageKeys":{}}}}},"version":"v1"}